{
    "Product Type": "refridgerator",
    "Estimated CO\u2082 Emissions (kg CO\u2082e)": 53.36610781938111,
    "Potential CO\u2082 Savings (kg CO\u2082e)": 5.243437538742387
}